id,site,job_url,job_url_direct,title,company,location,date_posted,job_type,salary_source,interval,min_amount,max_amount,currency,is_remote,job_level,job_function,listing_type,emails,description,company_industry,company_url,company_logo,company_url_direct,company_addresses,company_num_employees,company_revenue,company_description,skills,experience_range,company_rating,company_reviews_count,vacancy_count,work_from_home_type,search_term,source,lang
in-3142e4750c807eb1,indeed,https://nl.indeed.com/viewjob?jk=3142e4750c807eb1,http://nl.indeed.com/job/ai-machine-learning-engineer-freelance-3142e4750c807eb1,AI/ Machine Learning Engineer (Freelance),Inpact Solutions,"Hoofddorp, NH, NL",2025-03-28,,,,,,,True,,,,gijs@inpact.recruitee.com,"**Gewoon goed werk is hier heel normaal**

Zie jij het werken aan de beste insurtech software van Nederland als de normaalste zaak van de wereld? Mooi, wij ook!

Als AI/ML Engineer bij Inpact ben je onderdeel van een ambitieus Feature Team dat gespecialiseerd is in het bouwen van innovatieve AI\-oplossingen voor de verzekeringssector. Samen met collega\-experts werk je aan geavanceerde technologieën zoals Natural Language Processing (NLP), Machine Learning (ML) en Deep Learning (DL). Dagelijks werkt het feature team aan Inpact.AI, om verzekeringsprofessionals te helpen om snel en effectief grote hoeveelheden data te verwerken, waaronder polissen, claims, rapporten, e\-mails, PDF’s, afbeeldingen en andere vormen van digitale informatie.

In jouw rol ontwerp, ontwikkel en implementeer je ook nieuwe baanbrekende AI\-modellen en oplossingen—zoals Large Language Models (LLM’s) in combinatie met Retrieval\-Augmented Generation (RAG). Je werkt nauw samen met jouw team aan het optimaliseren van prestaties, verhogen van schaalbaarheid en het realiseren van tastbare resultaten die impact hebben.

**Een normale dag bij Inpact**

Bij Inpact helpen we verzekeraars innoveren, zodat zij tijd en focus overhouden voor het échte werk. Als AI/ML Engineer bouw je mee aan de toekomst van verzekeren. Zonder poespas, mét resultaat. Ja, we zijn ambitieus. Maar hier geen overmatig werken of competitie over functietitels. Grote ego's laten we buiten, grootse plannen verwelkomen we met open armen. Daarom nemen we ook aan op ambitie, in plaats van op ervaring. Ons team bestaat uit een hechte club van 100 nuchtere collega's (waarvan zeker 70 tech\-specialisten) met een passie voor technologie, AI en Data Science. We doen niet aan gedoe, we doen vooral heel normaal terwijl we complexe data omzetten naar waardevolle inzichten voor verzekeraars.

**Zo bouw jij mee aan de toekomst van verzekeren**

We hebben het al genoemd: wij zoeken mensen die gewoon goed werk doen. Geen poespas, wél baanbrekend werk. Geen opschepperij, wél trots op wat we samen bereiken. En als AI/ML Engineer verwachten we dat je:

* Een relevante wo\-opleiding hebt in Data Science, Informatica, Wiskunde, Kunstmatige Intelligentie of Econometrie.
* Minimaal 2 jaar ervaring hebt met frameworks en tools voor machine learning en deep learning, zoals PyTorch en Sklearn.
* Minimaal 2 jaar ervaring hebt met Large Language Models(LLM), waaronder fine\-tuning, prompt engineering, Retrieval Augmented Generation (RAG)\-systemen.
* Ervaring met het ontwikkelen en implementeren van machine learning\-oplossingen met grootschalige datasets, inclusief specificatieontwerp, dataverzameling en \-labeling, modelontwikkeling, validatie, implementatie en voortdurende monitoring.
* Ervaring hebt met Python, C\# of Java en source control (Git).
* Een pré als je ervaring hebt met cloudplatforms (bijv. AWS, Azure, GCP).
* Ervaring met data engineering pipelines.
* Proactief, analytisch en samenwerkingsgericht bent.

**Dit vinden wij de normaalste zaak van de wereld**

In één jaar van 10 naar 100 klanten groeien? Dat vinden wij niet gek. Een starter die binnen no\-time haar eigen team aanstuurt? Kan gewoon. En de koffie? Gewoon een kop normale koffie, ténzij je het anders wilt natuurlijk. Wat we nog meer normaal vinden?

* Een competitief salaris
* Prima pensioenregeling waarmee je oude dag gewoon goed geregeld is
* Nieuwe hardware zoals een Lenovo laptop, BOSE headset en veel AI tools
* Gewoon vanuit huis kunnen werken, met een onbelaste thuiswerkvergoeding van €2,35 per dag
* 25 verlofdagen op basis van een 40\-urige werkweek
* Een persoonlijk budget en ontwikkelplan om jezelf te blijven ontwikkelen via o.a. Udemy Business
* Volop kansen om te groeien, zonder politiek geneuzel
* Gewoon op tijd naar huis voor het avondeten
* Je functie vormen naar je eigen ambities
* Gratis parkeren voor de deur
* Regelmatige gezellige uitjes, lunches, borrels, LAN\-party's en spelletjesavonden
* Regelmatige BBQ's, LAN\-party's en robot rally's

**Ook gewoon goed werk doen?**

We kunnen jouw nuchtere instelling goed gebruiken om samen de beste insurtech van Nederland te worden. Klik op de solliciteerknop of stuur je sollicitatie naar gijs@inpact.recruitee.com.

Tijdens het sollicitatieproces houden we het graag simpel. We laten je vaak binnen twee werkdagen weten wat we van je sollicitatie vinden. Is er een match? Dan maken we kennis via Google Meet. Daarna volgen nog twee gesprekken bij ons op locatie.

Soort dienstverband: Freelance / zzp

Salaris: Tot €75,00 per uur

Aanvullende vergoedingen:

* Vakantiegeld

Arbeidsvoorwaarden:

* Budget voor professionele ontwikkeling
* Dienstreizen vergoeding
* Mogelijkheid tot promotie
* Pensioen
* Reiskostenvergoeding
* Werk vanuit huis

Werkschema:

* Flexibele werkuren
* ma\-vr

Taal:

* Nederlands (Vereist)

Werklocatie: Hybride werken in 2132 Hoofddorp",,https://nl.indeed.com/cmp/Inpact-Solutions,https://d2q79iu7y748jz.cloudfront.net/s/_squarelogo/256x256/6a4dc33dc892d5b82ba7238a0254018b,,,,,"Bij Inpact is het bouwen aan de beste insurtech software van Nederland de normaalste zaak van de wereld. Net als vrijheid om je ambities waar te maken. Gewoon goed werk, zonder poespas. Doe jij mee?",,,,,,,rag,indeed,nl
in-e10068cafeb353f9,indeed,https://nl.indeed.com/viewjob?jk=e10068cafeb353f9,http://nl.indeed.com/job/ai-machine-learning-engineer-e10068cafeb353f9,AI/ Machine Learning Engineer,Inpact Solutions,"Hoofddorp, NH, NL",2025-03-28,fulltime,,,,,,True,,,,gijs@inpact.recruitee.com,"**Gewoon goed werk is hier heel normaal**

Zie jij het werken aan de beste insurtech software van Nederland als de normaalste zaak van de wereld? Mooi, wij ook!

Als AI/ML Engineer bij Inpact ben je onderdeel van een ambitieus Feature Team dat gespecialiseerd is in het bouwen van innovatieve AI\-oplossingen voor de verzekeringssector. Samen met collega\-experts werk je aan geavanceerde technologieën zoals Natural Language Processing (NLP), Machine Learning (ML) en Deep Learning (DL). Dagelijks werkt het feature team aan Inpact.AI, om verzekeringsprofessionals te helpen om snel en effectief grote hoeveelheden data te verwerken, waaronder polissen, claims, rapporten, e\-mails, PDF’s, afbeeldingen en andere vormen van digitale informatie.

In jouw rol ontwerp, ontwikkel en implementeer je ook nieuwe baanbrekende AI\-modellen en oplossingen—zoals Large Language Models (LLM’s) in combinatie met Retrieval\-Augmented Generation (RAG). Je werkt nauw samen met jouw team aan het optimaliseren van prestaties, verhogen van schaalbaarheid en het realiseren van tastbare resultaten die impact hebben.

**Een normale dag bij Inpact**

Bij Inpact helpen we verzekeraars innoveren, zodat zij tijd en focus overhouden voor het échte werk. Als AI/ML Engineer bouw je mee aan de toekomst van verzekeren. Zonder poespas, mét resultaat. Ja, we zijn ambitieus. Maar hier geen overmatig werken of competitie over functietitels. Grote ego's laten we buiten, grootse plannen verwelkomen we met open armen. Daarom nemen we ook aan op ambitie, in plaats van op ervaring. Ons team bestaat uit een hechte club van 100 nuchtere collega's (waarvan zeker 70 tech\-specialisten) met een passie voor technologie, AI en Data Science. We doen niet aan gedoe, we doen vooral heel normaal terwijl we complexe data omzetten naar waardevolle inzichten voor verzekeraars.

**Zo bouw jij mee aan de toekomst van verzekeren**

We hebben het al genoemd: wij zoeken mensen die gewoon goed werk doen. Geen poespas, wél baanbrekend werk. Geen opschepperij, wél trots op wat we samen bereiken. En als AI/ML Engineer verwachten we dat je:

* Een relevante wo\-opleiding hebt in Data Science, Informatica, Wiskunde, Kunstmatige Intelligentie of Econometrie.
* Minimaal 2 jaar ervaring hebt met frameworks en tools voor machine learning en deep learning, zoals PyTorch en Sklearn.
* Minimaal 2 jaar ervaring hebt met Large Language Models(LLM), waaronder fine\-tuning, prompt engineering, Retrieval Augmented Generation (RAG)\-systemen.
* Ervaring met het ontwikkelen en implementeren van machine learning\-oplossingen met grootschalige datasets, inclusief specificatieontwerp, dataverzameling en \-labeling, modelontwikkeling, validatie, implementatie en voortdurende monitoring.
* Ervaring hebt met Python, C\# of Java en source control (Git).
* Een pré als je ervaring hebt met cloudplatforms (bijv. AWS, Azure, GCP).
* Ervaring met data engineering pipelines.
* Proactief, analytisch en samenwerkingsgericht bent.

**Dit vinden wij de normaalste zaak van de wereld**

In één jaar van 10 naar 100 klanten groeien? Dat vinden wij niet gek. Een starter die binnen no\-time haar eigen team aanstuurt? Kan gewoon. En de koffie? Gewoon een kop normale koffie, ténzij je het anders wilt natuurlijk. Wat we nog meer normaal vinden?

* Een competitief salaris
* Prima pensioenregeling waarmee je oude dag gewoon goed geregeld is
* Nieuwe hardware zoals een Lenovo laptop, BOSE headset en veel AI tools
* Gewoon vanuit huis kunnen werken, met een onbelaste thuiswerkvergoeding van €2,35 per dag
* 25 verlofdagen op basis van een 40\-urige werkweek
* Een persoonlijk budget en ontwikkelplan om jezelf te blijven ontwikkelen via o.a. Udemy Business
* Volop kansen om te groeien, zonder politiek geneuzel
* Gewoon op tijd naar huis voor het avondeten
* Je functie vormen naar je eigen ambities
* Gratis parkeren voor de deur
* Regelmatige gezellige uitjes, lunches, borrels, LAN\-party's en spelletjesavonden
* Regelmatige BBQ's, LAN\-party's en robot rally's

**Ook gewoon goed werk doen?**

We kunnen jouw nuchtere instelling goed gebruiken om samen de beste insurtech van Nederland te worden. Klik op de solliciteerknop of stuur je sollicitatie naar gijs@inpact.recruitee.com.

Tijdens het sollicitatieproces houden we het graag simpel. We laten je vaak binnen twee werkdagen weten wat we van je sollicitatie vinden. Is er een match? Dan maken we kennis via Google Meet. Daarna volgen nog twee gesprekken bij ons op locatie.

Soort dienstverband: Fulltime, Vaste baan

Aanvullende vergoedingen:

* Vakantiegeld

Arbeidsvoorwaarden:

* Budget voor professionele ontwikkeling
* Dienstreizen vergoeding
* Mogelijkheid tot promotie
* Pensioen
* Reiskostenvergoeding
* Werk vanuit huis

Werkschema:

* Flexibele werkuren
* ma\-vr

Taal:

* Nederlands (Vereist)

Werklocatie: Hybride werken in 2132 Hoofddorp",,https://nl.indeed.com/cmp/Inpact-Solutions,https://d2q79iu7y748jz.cloudfront.net/s/_squarelogo/256x256/6a4dc33dc892d5b82ba7238a0254018b,,,,,"Bij Inpact is het bouwen aan de beste insurtech software van Nederland de normaalste zaak van de wereld. Net als vrijheid om je ambities waar te maken. Gewoon goed werk, zonder poespas. Doe jij mee?",,,,,,,rag,indeed,nl
in-47d2d7b6e59a72fa,indeed,https://nl.indeed.com/viewjob?jk=47d2d7b6e59a72fa,https://dutch-external-prodwaredag.icims.com/jobs/1716/job?utm_source=indeed_integration&iis=Job%20Board&iisn=Indeed&indeed-apply-token=73a2d2b2a8d6d5c0a62696875eaebd669103652d3f0c2cd5445d3e66b1592b0f,Technical AI Consultant,Prodware Netherlands,"Zaltbommel, GE, NL",2025-03-27,fulltime,,,,,,False,,,,recruiter@prodware.nl,"Over ons: **Let's build your future together!**  

Bij Prodware bouw je aan impactvolle AI\-oplossingen die écht het verschil maken voor onze klanten. Jouw werk helpt organisaties slimmer, aantrekkelijker en efficiënter te worden door het gebruik van innovatieve AI\-technologieën. Je stelt medewerkers in staat om zich te richten op taken met de hoogste toegevoegde waarde, terwijl AI hen ondersteunt bij dagelijkse werkzaamheden.

  



Jouw bijdrage heeft directe invloed op de groei, het succes en de innovatiekracht van onze klanten. Je werkt samen met gemotiveerde collega’s die technologie inzetten om bedrijven sterker te maken en innovatie tastbaar te realiseren. Hierbij maak je gebruik van de nieuwste AI\-technologieën van Microsoft, zoals Copilot, Copilot Studio en Azure AI.

  

Help ons de wereld van morgen vorm te geven als

**Technical** **AI Consultant**

Jouw verantwoordelijkheden:
* Ontwerpen, ontwikkelen en technisch implementeren van intelligente AI\-oplossingen op maat voor klanten;
* Zorgen voor een solide technische configuratie en implementatie van innovatieve AI\-oplossingen;
* Oplossen van complexe technische uitdagingen en continue optimalisatie van de prestaties van AI\-applicaties;
* Intensief samenwerken met functionele collega’s en klanten om opdrachten succesvol af te ronden;
* Werken binnen een Agile/Scrum\-omgeving en gebruikmaken van Azure DevOps voor CI/CD, versiebeheer en backlogmanagement.

  

Wat bieden wij  

* Uitdagende projecten bij toonaangevende klanten;
* Een dynamische werkomgeving met veel ruimte voor persoonlijke en professionele groei;
* Marktconform salaris en uitstekende secundaire arbeidsvoorwaarden;
* Mogelijkheid om certificeringen te behalen met ondersteuning zoals trainingen en een opleidingsbudget, en bij te dragen aan innovatieve oplossingen.

Wat breng je mee:
* Een afgeronde Bachelor of Master opleiding, of gelijkwaardige professionele ervaring;
* Minimaal 2 jaar relevante werkervaring als technisch consultant of in een vergelijkbare functie;
* Basiservaring met Microsoft Copilot, Copilot Studio, Azure AI en het Power Platform;
* Uitgebreide programmeerervaring met C\# of Python;
* Grondige kennis van ontwikkeling, training, configuratie en implementatie van AI\-modellen;
* Praktijkervaring met Large Language Models (LLMs) en Retrieval\-Augmented Generation (RAG);
* Certificeringen zoals Azure AI Engineer Associate (AI\-102\) of Azure Developer Associate (AZ\-204\) zijn een pré;
* Flexibiliteit, doorzettingsvermogen en een oplossingsgerichte mindset;
* Uitstekende communicatieve vaardigheden en een echte teamspirit;
* Beheersing van Nederlands en Engels in woord en geschrift. Een derde taal is een pré.

  

Wil jij deel uitmaken van ons team en ons helpen bedrijven naar de digitale toekomst te leiden?
Neem contact met ons op of stuur je sollicitatie naar recruiter@prodware.nl.  

We kijken ernaar uit je te ontmoeten!  

\#LI\-LT1",,https://nl.indeed.com/cmp/Prodware-Netherlands,,,,,,,,,,,,,rag,indeed,nl
in-ef478cb01ea8894f,indeed,https://nl.indeed.com/viewjob?jk=ef478cb01ea8894f,https://join.com/companies/evidencehunt/13876701-full-stack-engineer?pid=a13795120131dbe48464,Full Stack Engineer,EvidenceHunt,"Amsterdam Zuid, NH, NL",2025-03-27,,,,,,,False,,,,,"Do you love building tech that makes a real\-world difference? Are you a skilled Full\-Stack Node.js Developer who thrives in startup environments? Do you dream of shaping the future of healthcare while working with cutting\-edge AI technology?
  
  

If yes, we want you on our team!
  
  

Who We Are
  
  

We are a small top performing team that is changing the way individuals conduct medical research. EvidenceHunt offers an AI\-powered research platform that streamlines the process of gathering, analyzing and utilizing medical evidence. Developed by medical professionals and health\-tech experts, our mission is to accelerate evidence\-based decision making in healthcare by making research simple, effective and reliable.
  
  

Join us and create a lasting impact on the healthcare industry!
  
  

Taken
  
  

As a Full Stack Engineer at EvidenceHunt, you’ll work on exciting challenges that demand creativity, technical excellence, and a love for innovation.
  
  

**Here’s how you’ll make an impact:**  

* Build at scale: Design and develop scalable, reliable back\-end systems with Node.js and integrate them with front\-end solutions using Vue.js.
* Shape the future: Create and improve RAG pipelines and collaborate on game\-changing features.
* Own it: Take full ownership of your projects from concept to deployment—monitor, optimize, and continuously improve.
* Innovate: Work closely with our Tech Lead and CEO to solve complex problems and deliver cutting\-edge solutions.
* Push boundaries: Utilize the power of GCP services and embrace serverless architectures for seamless scalability.


Vereisten
  
  

We’re looking for someone with vision, talent, and drive to help us take EvidenceHunt to the next level.
  
  

**Must\-Have Skills:**  

* Experience: 4\+ years of hands\-on experience with Node.js (TypeScript \& JavaScript). Exposure to Vue.js or similar front\-end frameworks.
* Cloud Expertise: Strong knowledge of GCP or other cloud platforms, including serverless architecture.
* DevOps Interest: A knack for infrastructure, DevOps, and containerization.
* Startup DNA: You thrive in fast\-paced environments having a huge impact.
* Location Flexibility: Able to work in a hybrid setup near Amsterdam (three days from home).
* Databases: Work with both SQL and NoSQL databases to ensure efficient and scalable data storage solutions.


**Bonus Skills:**  

* AI/ML Expertise: Experience with LLMs, RAG pipelines, or AI technologies.
* Experience working with Elasticsearch
* Python Proficiency: Experience with Python for ML/AI applications.
* Advanced Education: A Master’s in Computer Science or related field.
* Serverless Pro: Production experience with serverless architecture


Benefits
  
  

* Competitive Salary \+ Stock Options: Be rewarded for your work with compensation that reflects your talent and dedication.
* Impactful Work: Contribute to a platform that empowers better healthcare outcomes worldwide.
* Tech Playground: Work with cutting\-edge AI and cloud technologies.
* Work\-Life Balance: Flexible hybrid working with an Amsterdam base.
* Incredible Team: Collaborate with people who inspire, challenge, and support you


Ready to make an impact? Join us and help shape the future of medical research!",,https://nl.indeed.com/cmp/Evidencehunt,,,,,,,,,,,,,rag,indeed,en
in-b832b5636b332796,indeed,https://nl.indeed.com/viewjob?jk=b832b5636b332796,https://philips.wd3.myworkdayjobs.com/jobs-and-careers/job/Eindhoven/Internship--Generative-AI-Engineer_551082-1/?source=Indeed,Internship: Generative AI Engineer,Philips,"Eindhoven, NB, NL",2025-03-26,"fulltime, internship",,,,,,False,,,,,"### **Job Title**


Internship: Generative AI Engineer### **Job Description**

**Job title: Internship: Generative AI Engineer**  

We're seeking an intern with hands\-on expertise in Machine Learning, Natural Language Processing and Generative AI to join our team. In this role, you will design and build innovative and ethically responsible Generative AI solutions that effectively address real\-world problems, balancing technical feasibility with user needs and business impact. Working at the intersection of natural language processing and machine learning, you will contribute to developing AI solutions that directly impact patient outcomes and Philips' growth in the healthcare sector.

 **Your role:**

* Design, train, and evaluate NLP and LLM\-based solutions for various use cases, including retrieval\-augmented generation (RAG), information retrieval \& search, chatbots, structured information extraction and named entity recognition, text generation, summarization, and more
* Clean, preprocess, and curate data for evaluation, fine\-tuning, and training
* Work closely with stakeholders across the organization to understand business needs, formulate problems, and deliver data\-driven insights
* Keep up the latest advancements in generative AI research and integrate new techniques into the development process

 **You're the right fit if:**

* You hold Bachelor degree in Computer Science, Electrical Engineering, or a related field, and currently obtaining Master degree in a relevant field
* You have at least **one year of hands\-on experience developing NLP and ML/DL solutions** in an academic or professional environment
* You are proficient in Python and relevant libraries for data science and deep learning (e.g., NumPy, Pandas, TensorFlow, PyTorch)
* You have a strong **understanding of classic NLP** and **experience with with LLMs**, such as RAG, prompt engineering, data synthesis, automatic evaluation, and fine\-tuning
* You are familiar with cloud computing platforms
* You have excellent communication skills and a collaborative mindset are essential
* You have strong analytical and problem\-solving skills, with attention to detail

 **How we work together**  

We believe that we are better together than apart. For our office\-based teams, this means working in\-person at least 3 days per week.  

Onsite roles require full\-time presence in the company’s facilities.  

Field roles are most effectively done outside of the company’s main facilities, generally at the customers’ or suppliers’ locations.  

  

Indicate if this role is an office/field/onsite role.  

  

**About Philips**  

We are a health technology company. We built our entire company around the belief that every human matters, and we won't stop until everybody everywhere has access to the quality healthcare that we all deserve. Do the work of your life to help the lives of others.  

* Learn more about our business.
* Discover our rich and exciting history.
* Learn more about our purpose.

  

If you’re interested in this role and have many, but not all, of the experiences needed, we encourage you to apply. You may still be the right candidate for this or other opportunities at Philips. Learn more about our commitment to diversity and inclusion here.",,https://nl.indeed.com/cmp/Philips,https://d2q79iu7y748jz.cloudfront.net/s/_squarelogo/256x256/5811f99cfc10136c2f766e1ecddc2567,https://www.careers.philips.com/global/en/,Amsterdam,"5,001 to 10,000",more than $10B (USD),"For more than 130 years, we have been creating technologies and innovations that improve people's lives, support healthcare practitioners, and enable better outcomes for everyone.",,,,,,,rag,indeed,en
in-d82d9624eaec4081,indeed,https://nl.indeed.com/viewjob?jk=d82d9624eaec4081,https://www.careers-page.com/makeyourmove1/job/QYY49359?utm_medium=free_job_board&utm_source=indeed,LLM Engineer,Make Your Move,"Utrecht, UT, NL",2025-03-24,,,,,,,True,,,,,"**Location:** Utrecht

**Country:** The Netherlands

**Salary:** 65k \- 80k

**Description:**

**Shape the Future of AI in Real Estate**


Are you passionate about using AI to solve real\-world challenges? We are developing AI\-driven solutions for the real estate sector, and as part of our newly established AI Assistant team, you will help build innovative tools that empower NVM members with smarter and more efficient solutions.

**Your Role**


As an LLM Engineer, you will be responsible for developing and deploying large language model (LLM) applications in cloud environments. This role requires technical expertise, creativity, and collaboration to create AI solutions that set new industry standards.

**Key Responsibilities**

* Develop AI\-driven solutions with a focus on real\-world applications.
* Transform prototypes into fully functional solutions that deliver measurable impact.
* Design, evaluate, and refine LLM outputs using advanced performance metrics.
* Collaborate with cross\-functional teams during Agile development cycles.
* Optimize AI models for accuracy, reliability, and efficiency.
* Present and demonstrate AI solutions to stakeholders.

### **About the Company**


We specialize in data\-driven solutions for the real estate market. As the manager of the Netherlands' largest real estate database, we use AI and machine learning to improve transparency, efficiency, and accessibility. Our goal is to provide real estate professionals with advanced tools that simplify complex processes and offer valuable insights.


Our team consists of over 50 experts dedicated to advancing technology and data solutions. We offer a modern work environment in Utrecht with free parking, hybrid work options, and a strong focus on collaboration and work\-life balance.

### **Ideal Candidate**


We are looking for a driven professional with a strong technical background and a passion for AI innovation. If you thrive in a collaborative and autonomous environment, this role is for you.

**Requirements:**

* Proven experience in LLM application development and cloud deployment (AWS preferred).
* Knowledge of Retrieval\-Augmented Generation (RAG) and prompt engineering.
* Proficiency in Python, machine learning frameworks (TensorFlow, PyTorch, Hugging Face), SQL, Git, and APIs.
* Experience with CI/CD pipelines, ML Ops tools, and data pipelines.
* Fluency in English.
* Residency in the Netherlands at the time of application.

**Preferred but not required:**

* Experience with Amazon Bedrock or other LLM providers (e.g., OpenAI API).
* Background in real estate, preferably NVM Wonen.

### **What We Offer**


We foster an innovative and collaborative environment where professionals can thrive. Our technology\-driven approach ensures you work with cutting\-edge tools rather than outdated systems, allowing you to focus on creating impactful solutions.

**Benefits Include:**

* **Salary:** 65,000 \- 80,000 annually, based on experience.
* **Bonuses:** 13th\-month salary included.
* **Vacation:** 37 vacation days per year.
* **Pension Plan:** Premium scheme with only 1% employee contribution via Zwitserleven.
* **Tech Essentials:** Choose your preferred laptop and mobile phone or receive a 30\-monthly reimbursement.
* **Commuting Support:** Travel allowance (0\.23 per km) or 100% reimbursed NS Business Card.
* **Hybrid Work Setup:** Flexible home\-office options with a 2\.40 daily remote work allowance.
* **Professional Development:** 1,500 annual training budget.
* **Insurance Discounts:** Up to 10% discount on health insurance via Zilveren Kruis.

### **Working Conditions**

* Hybrid work model: 3 days in the office, 2 days remote.
* Visa sponsorship and relocation are not available.

### **Company Culture**

* Informal and collaborative work environment.
* Diverse and inclusive teams.
* A culture of trust with self\-managing teams and freedom for individual initiatives.

**Heads up!**  

We’re on the hunt for top talent on behalf of our awesome client! If this sounds like your kind of gig, hit that *apply* button! Only shortlisted candidates will be contacted, and we keep things 100% confidential. We’re all about equal opportunities here—everyone’s welcome!",,https://nl.indeed.com/cmp/Make-Your-Move-1,,,,,,,,,,,,,rag,indeed,en
in-f22f2029cc06e161,indeed,https://nl.indeed.com/viewjob?jk=f22f2029cc06e161,http://nl.indeed.com/job/llm-engineer-f22f2029cc06e161,LLM Engineer,Cobix Arge Technologies,"Utrecht Leidsche Rijn, UT, NL",2025-03-24,fulltime,,,,,,True,,,,,"**Location:** Utrecht

**Country:** The Netherlands

**Salary:** €65k \- €80k

**Start Date:**

**Description:**

**Shape the Future of AI in Real Estate**

Are you passionate about using AI to solve real\-world challenges? We are developing AI\-driven solutions for the real estate sector, and as part of our newly established AI Assistant team, you will help build innovative tools that empower NVM members with smarter and more efficient solutions.

**Your Role**

As an LLM Engineer, you will be responsible for developing and deploying large language model (LLM) applications in cloud environments. This role requires technical expertise, creativity, and collaboration to create AI solutions that set new industry standards.

**Key Responsibilities**

* Develop AI\-driven solutions with a focus on real\-world applications.
* Transform prototypes into fully functional solutions that deliver measurable impact.
* Design, evaluate, and refine LLM outputs using advanced performance metrics.
* Collaborate with cross\-functional teams during Agile development cycles.
* Optimize AI models for accuracy, reliability, and efficiency.
* Present and demonstrate AI solutions to stakeholders.

**About the Company**

We specialize in data\-driven solutions for the real estate market. As the manager of the Netherlands’ largest real estate database, we use AI and machine learning to improve transparency, efficiency, and accessibility. Our goal is to provide real estate professionals with advanced tools that simplify complex processes and offer valuable insights.

Our team consists of over 50 experts dedicated to advancing technology and data solutions. We offer a modern work environment in Utrecht with free parking, hybrid work options, and a strong focus on collaboration and work\-life balance.

**Ideal Candidate**

We are looking for a driven professional with a strong technical background and a passion for AI innovation. If you thrive in a collaborative and autonomous environment, this role is for you.

**Requirements:**

* Proven experience in LLM application development and cloud deployment (AWS preferred).
* Knowledge of Retrieval\-Augmented Generation (RAG) and prompt engineering.
* Proficiency in Python, machine learning frameworks (TensorFlow, PyTorch, Hugging Face), SQL, Git, and APIs.
* Experience with CI/CD pipelines, ML Ops tools, and data pipelines.
* Fluency in English.
* Residency in the Netherlands at the time of application.

**Preferred but not required:**

* Experience with Amazon Bedrock or other LLM providers (e.g., OpenAI API).
* Background in real estate, preferably NVM Wonen.

**What We Offer**

We foster an innovative and collaborative environment where professionals can thrive. Our technology\-driven approach ensures you work with cutting\-edge tools rather than outdated systems, allowing you to focus on creating impactful solutions.

**Benefits Include:**

* **Salary:** €65,000 \- €80,000 annually, based on experience.
* **Bonuses:** 13th\-month salary included.
* **Vacation:** 37 vacation days per year.
* **Pension Plan:** Premium scheme with only 1% employee contribution via Zwitserleven.
* **Tech Essentials:** Choose your preferred laptop and mobile phone or receive a €30 monthly reimbursement.
* **Commuting Support:** Travel allowance (€0\.23 per km) or 100% reimbursed NS Business Card.
* **Hybrid Work Setup:** Flexible home\-office options with a €2\.40 daily remote work allowance.
* **Professional Development:** €1,500 annual training budget.
* **Insurance Discounts:** Up to 10% discount on health insurance via Zilveren Kruis.

**Working Conditions**

* Hybrid work model: 3 days in the office, 2 days remote.
* Visa sponsorship and relocation are not available.

**Company Culture**

* Informal and collaborative work environment.
* Diverse and inclusive teams.
* A culture of trust with self\-managing teams and freedom for individual initiatives.

Job Type: Full\-time

Pay: €65\.000,00 \- €80\.000,00 per year

Work Location: In person",,https://nl.indeed.com/cmp/Cobix-Arge-Technologies,,,,,,,,,,,,,rag,indeed,en
in-960cadef4ea87c33,indeed,https://nl.indeed.com/viewjob?jk=960cadef4ea87c33,http://nl.indeed.com/job/service-en-support-medewerker-960cadef4ea87c33,Service en Support Medewerker,ProCardio,"Eemnes, UT, NL",2025-03-24,"parttime, fulltime",,,,,,False,,,,c.rintel@procardio.nl,"**Functieomschrijving**

AED360\-ProCardio gevestigd in Eemnes, is al meer dan 15 jaar specialist in de levering en de service van de gerenommeerde Philips AED (automatische externe defibrillator). Wij zetten ons in om de wereld stap voor stap hartveiliger te maken. We doen dit met een toegewijd team van ca 25 collega’s en we leveren aan zowel particulieren als bedrijven en een groot aantal partners.

AED360\-ProCardio opereert in een sterk groeiende Europese markt en verkoopt AED’s zowel direct aan eindgebruikers als via een breed netwerk van wederverkopers.

Door de sterke groei zijn wij op zoek een **Service \& Support Specialist** om de uiteenlopende v**ragen van onze klanten per email, telefoon of chat zo goed mogelijk te beantwoorden.**

**Service \& Support Specialist**

**(32\-40 uur per week, bij voorkeur maandag, dinsdag, woensdag en vrijdag)**

Voor deze afwisselende functie zoeken wij een gedreven communicatieve collega die de klant centraal stelt, nauwkeurig werkt en het overzicht bewaart. Je komt te werken in een informele organisatie en je werkt samen met een Senior Service \& Support Specialist.

**Wat ga je doen**

* Samen met je collega ben je verantwoordelijk voor de diverse klantvragen die telefonisch, via de chat en via de mail dagelijks binnenkomen.
* Het betreft vragen over onze service \-en onderhoud pakketten.
* Technische vragen betreffende storingen of inzetten.
* Leverings \-en prijs vragen van onze nationale \- en internationale klanten.
* Je hebt hierbij intensief contact met je collega’s van de orderverwerking, administratie , magazijn en sales.
* Je verwerkt de klant vragen in ons CRM\-systeem.
* Je informeert klanten per mail of telefonisch.
* Je schrijft en spreekt foutloos Nederlands en je bent goed in Engels; een derde taal is een pré.

**Jouw profiel**

* MBO werk\- en denkniveau
* Goede kennis van MS Office pakketten; ervaring met Exact is een pré
* Stressbestendig, nauwkeurig en klantgericht
* Ervaring met telefonisch klanten contact
* Ervaring met technische ondersteuning is een pré

**Wij bieden**

* Marktconform salaris tussen de €2\.500 \- €3\.500 bruto per maand
* Premievrij pensioen en reiskostenvergoeding
* Ontwikkelmogelijkheden binnen een groeiend bedrijf
* Een hecht team met korte communicatielijnen en een informele sfeer
* Jaarlijkse bonus bij goede bedrijfsresultaten
* Persoonlijke AED voor thuis/onderweg
* Dagelijks een heerlijke en gezellige bedrijfslunch
* Wekelijkse bootcamp met personal trainer op de hei (optioneel, maar oh zo leuk!)
* Werken binnen een organisatie met leuke uitjes en uitstapjes

**Enthousiast geworden?**  
**Ben je klaar voor deze uitdagende rol in een groeiend bedrijf? We maken graag kennis! Stuur je CV naar Carolien Rintel via c.rintel@procardio.nl of bel/app Carolien op 06 29 37 76 85, ook voor meer informatie over de functie en ons bedrijf.**

Soort dienstverband: Fulltime, Parttime, Vaste baan

Salaris: €2\.500,00 \- €3\.500,00 per maand

Verwacht aantal uur: 32 – 40 per week

Aanvullende vergoedingen:

* Bonusregeling
* Vakantiegeld

Arbeidsvoorwaarden:

* Aanvullend pensioen
* Bedrijfsfeesten
* Bedrijfsfitness
* Bedrijfsopleiding
* Budget voor professionele ontwikkeling
* Dienstreizen vergoeding
* Gezondheidsprogramma
* Kerstpakket
* Kosteloos parkeren
* Lunchkorting
* Mogelijkheid tot promotie
* Pensioen
* Reiskostenvergoeding
* Telefoon van de zaak
* Vrijdagmiddagborrel
* Winstdeling

Werkschema:

* Dagdienst
* ma\-vr

Opleiding:

* MBO (Vereist)

Taal:

* Nederlands (Vereist)

Werklocatie: Onderweg",,https://nl.indeed.com/cmp/Procardio-2,,,,,,,,,,,,,rag,indeed,nl
in-cfcd36e94a5a0612,indeed,https://nl.indeed.com/viewjob?jk=cfcd36e94a5a0612,https://werkenbij.novadic-kentron.nl/vacatures/programmamanager-forensische-verslavingszorg-fvz/,Programmamanager Forensische Verslavingszorg (FVZ),Novadic-Kentron verslavingszorg,NL,2025-03-23,parttime,,,,,,False,,,,,"Reageer direct
  
  

Parttime \|
  
Diverse locaties
  
  

Programmamanager Forensische VerslavingsZorg (FVZ)
  
  

(Code 230, 8 uur per week, Brabant)
  
  

Wij zijn op zoek naar een programmamanager die samen met collega’s gaat én staat voor de Forensische VerslavingsZorg van Novadic\-Kentron.
  
  

Waarom werken bij NK?
  
  

Novadic\-Kentron is dé expert voor verslavingszorg en verslavingskunde in Brabant. Samen creëren we Nieuwe Kansen voor mensen die vastlopen of dreigen vast te lopen door middelengebruik of andere verslavingen.
  
  

Wat ga je doen?
  
  

Als programmamanager ben je inhoudelijk kartrekker en sparringpartner van de teammanagers en directeur Veiligheidsdomein en daarmee een aanvulling op het MT FVZ;
  
  

Draag je bij aan de ontwikkeling en borging van een ontwikkel\- en leerklimaat, forensische scherpte binnen de FVA, alsook de ambulante forensische teams in Brabant;
  
  

Je vertaalt ontwikkelingen in het forensisch (verslavings\-)vak naar een sterk behandelaanbod voor onze cliënten;
  
  

Op zorginhoudelijk gebied inspireer en adviseer je collega’s met jouw visie op forensisch werken;
  
  

Je bent verantwoordelijk voor de inhoudelijke resultaten en ontwikkelingen van de forensische teams. Je werkt daarbij nauw samen met MT leden en de directeur Veiligheidsdomein;
  
  

Je neemt deel aan interne en externe samenwerkingsverbanden. Daarbij heb je een scherp oog voor nieuwe kansen en ondernemerschap.
  
  

**Hou jij van:**  

Het verschil te kunnen maken voor mensen binnen het gedwongen kader?
  
  

Bijdragen aan deskundigheidsbevordering van collega’s en doorontwikkelingen binnen het FVZ programma?
  
  

Veel verantwoordelijkheid en autonomie?
  
  

Zelf Nieuwe Kansen aangaan om jezelf te ontwikkelen?
  
  

Bijdragen aan een gezonder, socialer en veiliger Brabant?
  
  

**Wij zijn gek op:**  

Een gedreven en verbindende persoonlijkheid;
  
  

Onze hechte en ambitieuze teams met bevlogen en deskundige collega’s;
  
  

Slimme samenwerkingen;
  
  

Innovatie door en voor mensen;
  
  

Mensen groter maken.
  
  

**Maak kennis met:**  

Kim, forensische verslavingszorg NK psycholoog
  
  

“Ik vind mijn werk dynamisch, afwisselend en uitdagend. We werken als team met een gestructureerde en heldere aanpak voor een doelgroep die vraagt om flexibiliteit. Ieder van ons is echt goed in zijn vak en draagt bij vanuit zijn eigen rol en expertise. Zo maken we samen verschil voor de cliënt en de samenleving als geheel.”
  
  

Maaike, programmamanager Trauma \& Verslaving forensische verslavingszorg NK
  
  

“Als programmamanager sta je voor het team en de gehele forensische verslavingszorg binnen NK. Je bent verantwoordelijk voor meerdere teams, zowel klinisch als ambulant. Je draagt bij met visie en daadkracht. Er is samen nog veel te ontwikkelen, dat zorgt ook voor een leuke afwisseling van werkzaamheden.”
  
  

Wat breng jij mee?
  
  

Een relevante opleiding op HBO\+ niveau. Kennis van de zorg\-, dienstverlening en bedrijfskundige processen, beroepsstandaarden en financiering binnen de (Forensische)GGZ.
  
  

Wat biedt NK nog meer?
  
  

Een salaris conform CAO GGZ FWG 65\-75 (min. € 4\.272,\- en max. € 9\.143,\- bruto per maand op basis van een 36\-urige werkweek, afhankelijk van diploma en ervaring).
  
  

Uitstekende secundaire arbeidsvoorwaarden zoals een dertiende maand, onregelmatigheidstoeslagen, opleidingsmogelijkheden, een fietsplan en collectieve zorgverzekering.
  
  

Heb je nog v ragen?
  
  

Bel met Sinead Pothoven, directeur Veiligheidsdomein via 06\-12989413\.
  
  

Reageren?
  
  

Reageer via de knop ‘Reageer direct’ vóór zaterdag 12 april aanstaande !
  
  

Bijzonderheden
  
  

De vacature is gelijktijdig intern en extern uitgezet. Bij gelijke geschiktheid hebben interne kandidaten voorrang.
  
  

NK wil positieve gezondheid en vitaliteit bij cliënten en medewerkers stimuleren. Als verslavingszorginstelling bieden wij een gezonde omgeving en geven we het goede voorbeeld. Om deze reden is NK rookvrij voor zowel cliënten als medewerkers.
  
  

Voor indiensttreding vraag je een Verklaring Omtrent het Gedrag (VOG) aan.
  
  

Je krijgt altijd per email een bericht. Houd ook je mailbox met ongewenste e\-mails in de gaten te houden.
  
  

Acquisitie wordt niet op prijs gesteld.
  
  

Vacature vervalt op 11 april 2025",,https://nl.indeed.com/cmp/Novadic--kentron-Verslavingszorg-1,https://d2q79iu7y748jz.cloudfront.net/s/_squarelogo/256x256/09e2a95ab378e2a1d546ba982a9247a8,https://www.novadic-kentron.nl,"Hogedwarsstraat 3, 5261 LX, Vught","501 to 1,000",,"Werken bij dè organisatie voor verslavingszorg in Noord-Brabant! Help jij mee Brabant gezonder, socialer en veiliger te maken?",,,,,,,rag,indeed,nl
gd-1009683663816,glassdoor,https://www.glassdoor.nl/job-listing/j?jl=1009683663816,,Service en Support Medewerker,AED360-ProCardio,Eemnes,2025-03-24,,direct_data,monthly,2500.0,3500.0,EUR,False,,,organic,c.rintel@procardio.nl,"**Functieomschrijving**

AED360\-ProCardio gevestigd in Eemnes, is al meer dan 15 jaar specialist in de levering en de service van de gerenommeerde Philips AED (automatische externe defibrillator). Wij zetten ons in om de wereld stap voor stap hartveiliger te maken. We doen dit met een toegewijd team van ca 25 collega’s en we leveren aan zowel particulieren als bedrijven en een groot aantal partners.

AED360\-ProCardio opereert in een sterk groeiende Europese markt en verkoopt AED’s zowel direct aan eindgebruikers als via een breed netwerk van wederverkopers.

Door de sterke groei zijn wij op zoek een **Service \& Support Specialist** om de uiteenlopende v**ragen van onze klanten per email, telefoon of chat zo goed mogelijk te beantwoorden.**

**Service \& Support Specialist**

**(32\-40 uur per week, bij voorkeur maandag, dinsdag, woensdag en vrijdag)**

Voor deze afwisselende functie zoeken wij een gedreven communicatieve collega die de klant centraal stelt, nauwkeurig werkt en het overzicht bewaart. Je komt te werken in een informele organisatie en je werkt samen met een Senior Service \& Support Specialist.

**Wat ga je doen**

* Samen met je collega ben je verantwoordelijk voor de diverse klantvragen die telefonisch, via de chat en via de mail dagelijks binnenkomen.
* Het betreft vragen over onze service \-en onderhoud pakketten.
* Technische vragen betreffende storingen of inzetten.
* Leverings \-en prijs vragen van onze nationale \- en internationale klanten.
* Je hebt hierbij intensief contact met je collega’s van de orderverwerking, administratie , magazijn en sales.
* Je verwerkt de klant vragen in ons CRM\-systeem.
* Je informeert klanten per mail of telefonisch.
* Je schrijft en spreekt foutloos Nederlands en je bent goed in Engels; een derde taal is een pré.

**Jouw profiel**

* MBO werk\- en denkniveau
* Goede kennis van MS Office pakketten; ervaring met Exact is een pré
* Stressbestendig, nauwkeurig en klantgericht
* Ervaring met telefonisch klanten contact
* Ervaring met technische ondersteuning is een pré

**Wij bieden**

* Marktconform salaris tussen de €2\.500 \- €3\.500 bruto per maand
* Premievrij pensioen en reiskostenvergoeding
* Ontwikkelmogelijkheden binnen een groeiend bedrijf
* Een hecht team met korte communicatielijnen en een informele sfeer
* Jaarlijkse bonus bij goede bedrijfsresultaten
* Persoonlijke AED voor thuis/onderweg
* Dagelijks een heerlijke en gezellige bedrijfslunch
* Wekelijkse bootcamp met personal trainer op de hei (optioneel, maar oh zo leuk!)
* Werken binnen een organisatie met leuke uitjes en uitstapjes

**Enthousiast geworden?**  
**Ben je klaar voor deze uitdagende rol in een groeiend bedrijf? We maken graag kennis! Stuur je CV naar Carolien Rintel via c.rintel@procardio.nl of bel/app Carolien op 06 29 37 76 85, ook voor meer informatie over de functie en ons bedrijf.**

Soort dienstverband: Fulltime, Parttime, Vaste baan

Salaris: €2\.500,00 \- €3\.500,00 per maand

Verwacht aantal uur: 32 – 40 per week

Aanvullende vergoedingen:

* Bonusregeling
* Vakantiegeld

Arbeidsvoorwaarden:

* Aanvullend pensioen
* Bedrijfsfeesten
* Bedrijfsfitness
* Bedrijfsopleiding
* Budget voor professionele ontwikkeling
* Dienstreizen vergoeding
* Gezondheidsprogramma
* Kerstpakket
* Kosteloos parkeren
* Lunchkorting
* Mogelijkheid tot promotie
* Pensioen
* Reiskostenvergoeding
* Telefoon van de zaak
* Vrijdagmiddagborrel
* Winstdeling

Werkschema:

* Dagdienst
* ma\-vr

Opleiding:

* MBO (Vereist)

Taal:

* Nederlands (Vereist)

Werklocatie: Onderweg",,https://www.glassdoor.nl/Overview/W-EI_IE10457633.htm,,,,,,,,,,,,,rag,glassdoor,nl
gd-1009682599090,glassdoor,https://www.glassdoor.nl/job-listing/j?jl=1009682599090,,Programmamanager Forensische Verslavingszorg (FVZ),Novadic-Kentron,Nederland,2025-03-23,,direct_data,monthly,4272.0,9143.0,EUR,False,,,organic,,"Reageer direct
  
  

Parttime \|
  
Diverse locaties
  
  

Programmamanager Forensische VerslavingsZorg (FVZ)
  
  

(Code 230, 8 uur per week, Brabant)
  
  

Wij zijn op zoek naar een programmamanager die samen met collega’s gaat én staat voor de Forensische VerslavingsZorg van Novadic\-Kentron.
  
  

Waarom werken bij NK?
  
  

Novadic\-Kentron is dé expert voor verslavingszorg en verslavingskunde in Brabant. Samen creëren we Nieuwe Kansen voor mensen die vastlopen of dreigen vast te lopen door middelengebruik of andere verslavingen.
  
  

Wat ga je doen?
  
  

Als programmamanager ben je inhoudelijk kartrekker en sparringpartner van de teammanagers en directeur Veiligheidsdomein en daarmee een aanvulling op het MT FVZ;
  
  

Draag je bij aan de ontwikkeling en borging van een ontwikkel\- en leerklimaat, forensische scherpte binnen de FVA, alsook de ambulante forensische teams in Brabant;
  
  

Je vertaalt ontwikkelingen in het forensisch (verslavings\-)vak naar een sterk behandelaanbod voor onze cliënten;
  
  

Op zorginhoudelijk gebied inspireer en adviseer je collega’s met jouw visie op forensisch werken;
  
  

Je bent verantwoordelijk voor de inhoudelijke resultaten en ontwikkelingen van de forensische teams. Je werkt daarbij nauw samen met MT leden en de directeur Veiligheidsdomein;
  
  

Je neemt deel aan interne en externe samenwerkingsverbanden. Daarbij heb je een scherp oog voor nieuwe kansen en ondernemerschap.
  
  

**Hou jij van:**  

Het verschil te kunnen maken voor mensen binnen het gedwongen kader?
  
  

Bijdragen aan deskundigheidsbevordering van collega’s en doorontwikkelingen binnen het FVZ programma?
  
  

Veel verantwoordelijkheid en autonomie?
  
  

Zelf Nieuwe Kansen aangaan om jezelf te ontwikkelen?
  
  

Bijdragen aan een gezonder, socialer en veiliger Brabant?
  
  

**Wij zijn gek op:**  

Een gedreven en verbindende persoonlijkheid;
  
  

Onze hechte en ambitieuze teams met bevlogen en deskundige collega’s;
  
  

Slimme samenwerkingen;
  
  

Innovatie door en voor mensen;
  
  

Mensen groter maken.
  
  

**Maak kennis met:**  

Kim, forensische verslavingszorg NK psycholoog
  
  

“Ik vind mijn werk dynamisch, afwisselend en uitdagend. We werken als team met een gestructureerde en heldere aanpak voor een doelgroep die vraagt om flexibiliteit. Ieder van ons is echt goed in zijn vak en draagt bij vanuit zijn eigen rol en expertise. Zo maken we samen verschil voor de cliënt en de samenleving als geheel.”
  
  

Maaike, programmamanager Trauma \& Verslaving forensische verslavingszorg NK
  
  

“Als programmamanager sta je voor het team en de gehele forensische verslavingszorg binnen NK. Je bent verantwoordelijk voor meerdere teams, zowel klinisch als ambulant. Je draagt bij met visie en daadkracht. Er is samen nog veel te ontwikkelen, dat zorgt ook voor een leuke afwisseling van werkzaamheden.”
  
  

Wat breng jij mee?
  
  

Een relevante opleiding op HBO\+ niveau. Kennis van de zorg\-, dienstverlening en bedrijfskundige processen, beroepsstandaarden en financiering binnen de (Forensische)GGZ.
  
  

Wat biedt NK nog meer?
  
  

Een salaris conform CAO GGZ FWG 65\-75 (min. € 4\.272,\- en max. € 9\.143,\- bruto per maand op basis van een 36\-urige werkweek, afhankelijk van diploma en ervaring).
  
  

Uitstekende secundaire arbeidsvoorwaarden zoals een dertiende maand, onregelmatigheidstoeslagen, opleidingsmogelijkheden, een fietsplan en collectieve zorgverzekering.
  
  

Heb je nog v ragen?
  
  

Bel met Sinead Pothoven, directeur Veiligheidsdomein via 06\-12989413\.
  
  

Reageren?
  
  

Reageer via de knop ‘Reageer direct’ vóór zaterdag 12 april aanstaande !
  
  

Bijzonderheden
  
  

De vacature is gelijktijdig intern en extern uitgezet. Bij gelijke geschiktheid hebben interne kandidaten voorrang.
  
  

NK wil positieve gezondheid en vitaliteit bij cliënten en medewerkers stimuleren. Als verslavingszorginstelling bieden wij een gezonde omgeving en geven we het goede voorbeeld. Om deze reden is NK rookvrij voor zowel cliënten als medewerkers.
  
  

Voor indiensttreding vraag je een Verklaring Omtrent het Gedrag (VOG) aan.
  
  

Je krijgt altijd per email een bericht. Houd ook je mailbox met ongewenste e\-mails in de gaten te houden.
  
  

Acquisitie wordt niet op prijs gesteld.
  
  

Vacature vervalt op 11 april 2025",,https://www.glassdoor.nl/Overview/W-EI_IE1160527.htm,https://media.glassdoor.com/sql/1160527/novadic-kentron-squarelogo-1453770577800.png,,,,,,,,,,,,rag,glassdoor,nl
